Configuration,F1_Score,Precision,Recall,Sample_Size,Processing_Time,Method,Assignment_Compliance
Literal,0.3889297952707005,0.35003681574363044,0.42782277479777053,179,58.76897406578064,Parallel_Full_Dataset,100%
Pragmatic,0.35894912706246046,0.32305421435621434,0.39484403976870647,179,58.76897406578064,Parallel_Full_Dataset,100%
Retrieved,0.12181167684087887,0.109630509156791,0.1339928445249668,179,58.76897406578064,Parallel_Full_Dataset,100%
